{
    "loss": 20.84061622619629,
    "accuracy": 0.4395604431629181
}